lead_id,timestamp,source,customer_name,message
L0001,2026-04-15 07:30,SMS,Avery Adams,Our AC stopped working overnight and the house is already 82 degrees. We have an infant at home. Can someone come today?
L0002,2026-04-15 07:47,Website Form,Jordan Hayes,Water is leaking from the ceiling under the upstairs bathroom. Need emergency plumbing help as soon as possible.
L0003,2026-04-15 08:04,Email,Taylor Owens,Several outlets in the kitchen are sparking when we plug things in. Please call back immediately.
L0004,2026-04-15 08:21,Website Chat,Morgan Vega,"Looking for a quote to replace our old furnace before next winter. No rush, just planning."
L0005,2026-04-15 08:38,Voicemail,Riley Khan,Need annual HVAC maintenance for two units sometime next week if you have openings.
L0006,2026-04-15 08:55,Referral Form,Casey Foster,My toilet is overflowing and I shut off the water but it is still a mess. Can you send a plumber now?
L0007,2026-04-15 09:12,SMS,Jamie Morgan,Do you install EV chargers? I want pricing for a garage installation this month.
L0008,2026-04-15 09:29,Website Form,Quinn Turner,Hi
L0009,2026-04-15 09:46,Email,Cameron Chen,We want to add a tankless water heater and would like an estimate.
L0010,2026-04-15 10:03,Website Chat,Drew Diaz,My breaker keeps tripping and half the house has no power. Need someone today if possible.
L0011,2026-04-15 10:20,Voicemail,Reese Kim,Can you clean air ducts? We are comparing prices and probably scheduling later this summer.
L0012,2026-04-15 10:37,Referral Form,Parker Rivera,Free crypto investment opportunity for contractors. Click this link for guaranteed returns.
L0013,2026-04-15 10:54,SMS,Rowan Zimmer,The drain in our restaurant kitchen is backing up during lunch service. Need urgent help today.
L0014,2026-04-15 11:11,Website Form,Skyler Bennett,Need a ceiling fan installed in the bedroom. Flexible timing.
L0015,2026-04-15 11:28,Email,Hayden Iverson,No heat in the house and my elderly mother lives with me. Please call as soon as possible.
L0016,2026-04-15 11:45,Website Chat,Emerson Patel,I need service but not sure what kind. Something is making noise.
L0017,2026-04-15 12:02,Voicemail,Finley Wilson,How much for a basic plumbing inspection before buying a house? Closing is in two weeks.
L0018,2026-04-15 12:19,Referral Form,Alex Miller,The AC is blowing warm air. We can do tomorrow afternoon if available.
L0019,2026-04-15 12:36,SMS,Sam Garcia,We need a full panel upgrade for a home renovation and want to book an estimate.
L0020,2026-04-15 12:53,Website Form,Maya Nguyen,Please remove me from your list.
L0021,2026-04-15 13:10,Email,Noah Usman,"Garbage disposal is jammed and the sink will not drain. Not an emergency, but would like help this week."
L0022,2026-04-15 13:27,Website Chat,Lena Harris,Gas smell near the furnace. We turned it off and left the house. Need immediate help.
L0023,2026-04-15 13:44,Voicemail,Owen Ellis,Do you offer monthly maintenance plans for small office buildings?
L0024,2026-04-15 14:01,Referral Form,Priya Lopez,The lights flicker whenever the dryer starts. Can someone inspect it this week?
L0025,2026-04-15 14:18,SMS,Mateo Stone,Need a deep clean for a three-bedroom house before relatives arrive this weekend.
L0026,2026-04-15 14:35,Website Form,Iris Brooks,Looking for recurring office cleaning every Friday evening. Please send pricing.
L0027,2026-04-15 14:52,Email,Nora Carter,We need a move-out clean next week for a townhouse. Can you quote it?
L0028,2026-04-15 15:09,Website Chat,Eli Johnson,Existing customer follow-up: your technician came out last visit and the AC is making the same noise again.
L0029,2026-04-15 15:26,Voicemail,Zara Quinn,Existing customer here. The water heater you installed last month is showing an error code. Can someone follow up?
L0030,2026-04-15 15:43,Referral Form,Jonah Young,Following up on invoice from last visit. I have a warranty question about the electrical panel work.
L0031,2026-04-15 16:00,SMS,Avery Adams,Need post-construction clean after a small renovation. Flexible timing this month.
L0032,2026-04-15 16:17,Website Form,Jordan Hayes,"I need a cleaner for carpets in two rooms. No rush, just looking for availability."
L0033,2026-04-15 16:34,Email,Taylor Owens,Can someone inspect our sump pump? It runs constantly during storms and I want maintenance this week.
L0034,2026-04-15 16:51,Website Chat,Morgan Vega,SEO services for local contractors. We can put your business on page one.
L0035,2026-04-15 17:08,Voicemail,Riley Khan,I have a business loan offer for your company. Reply now for approval.
L0036,2026-04-15 17:25,Referral Form,Casey Foster,Need help tomorrow. Bathroom sink is leaking under the cabinet.
L0037,2026-04-15 17:42,SMS,Jamie Morgan,Looking for a quote on installing a new air conditioning system before summer.
L0038,2026-04-15 17:59,Website Form,Quinn Turner,The furnace tune-up reminder said to schedule maintenance. Any openings next week?
L0039,2026-04-15 18:16,Email,Cameron Chen,Outlet in the garage stopped working. Not urgent but would like a callback this week.
L0040,2026-04-15 18:33,Website Chat,Drew Diaz,I smell burning plastic near the breaker panel and the lights went out. Need emergency electrical help now.
L0041,2026-04-15 18:50,Voicemail,Reese Kim,Can you install a dishwasher and check the kitchen plumbing connection this month?
L0042,2026-04-15 19:07,Referral Form,Parker Rivera,We need janitorial cleaning for a small medical office. Looking for a monthly service plan.
L0043,2026-04-15 19:24,SMS,Rowan Zimmer,Need help
L0044,2026-04-15 19:41,Website Form,Skyler Bennett,Buy followers for your contractor page with a sponsored post package.
L0045,2026-04-15 19:58,Email,Hayden Iverson,Existing customer follow-up. The cleaner missed the upstairs bathroom during the last visit.
L0046,2026-04-15 20:15,Website Chat,Emerson Patel,Would like pricing for gutter cleaning. Do you handle that?
L0047,2026-04-15 20:32,Voicemail,Finley Wilson,The thermostat is blank and the heat is not turning on. We need someone today.
L0048,2026-04-15 20:49,Referral Form,Alex Miller,Water heater is leaking around the base. Can someone come as soon as possible?
L0049,2026-04-15 21:06,SMS,Sam Garcia,Can you quote a whole-home generator installation? Flexible on timing.
L0050,2026-04-15 21:23,Website Form,Maya Nguyen,Need cleaning after a tenant moved out. The property manager wants it completed tomorrow.
L0051,2026-04-15 21:40,Email,Noah Usman,Our AC stopped working overnight and the house is already 87 degrees. We have two dogs at home. Can someone come today?
L0052,2026-04-15 21:57,Website Chat,Lena Harris,Water is leaking from the ceiling under the upstairs bathroom. Need emergency plumbing help as soon as possible.
L0053,2026-04-15 22:14,Voicemail,Owen Ellis,Several outlets in the kitchen are sparking when we plug things in. Please call back immediately.
L0054,2026-04-15 22:31,Referral Form,Priya Lopez,"Looking for a quote to replace our old furnace before next winter. No rush, just planning."
L0055,2026-04-15 22:48,SMS,Mateo Stone,Need annual HVAC maintenance for two units sometime next week if you have openings.
L0056,2026-04-15 23:05,Website Form,Iris Brooks,My toilet is overflowing and I shut off the water but it is still a mess. Can you send a plumber now?
L0057,2026-04-15 23:22,Email,Nora Carter,Do you install EV chargers? I want pricing for a garage installation this month.
L0058,2026-04-15 23:39,Website Chat,Eli Johnson,Hi
L0059,2026-04-15 23:56,Voicemail,Zara Quinn,We want to add a tankless water heater and would like an estimate.
L0060,2026-04-16 00:13,Referral Form,Jonah Young,My breaker keeps tripping and half the house has no power. Need someone today if possible.
L0061,2026-04-16 00:30,SMS,Avery Adams,Can you clean air ducts? We are comparing prices and probably scheduling later this summer.
L0062,2026-04-16 00:47,Website Form,Jordan Hayes,Free crypto investment opportunity for contractors. Click this link for guaranteed returns.
L0063,2026-04-16 01:04,Email,Taylor Owens,The drain in our restaurant kitchen is backing up during lunch service. Need urgent help today.
L0064,2026-04-16 01:21,Website Chat,Morgan Vega,Need a ceiling fan installed in the bedroom. Flexible timing.
L0065,2026-04-16 01:38,Voicemail,Riley Khan,No heat in the house and my elderly mother lives with me. Please call as soon as possible.
L0066,2026-04-16 01:55,Referral Form,Casey Foster,I need service but not sure what kind. Something is making noise.
L0067,2026-04-16 02:12,SMS,Jamie Morgan,How much for a basic plumbing inspection before buying a house? Closing is in two weeks.
L0068,2026-04-16 02:29,Website Form,Quinn Turner,The AC is blowing warm air. We can do tomorrow afternoon if available.
L0069,2026-04-16 02:46,Email,Cameron Chen,We need a full panel upgrade for a home renovation and want to book an estimate.
L0070,2026-04-16 03:03,Website Chat,Drew Diaz,Please remove me from your list.
L0071,2026-04-16 03:20,Voicemail,Reese Kim,"Garbage disposal is jammed and the sink will not drain. Not an emergency, but would like help this week."
L0072,2026-04-16 03:37,Referral Form,Parker Rivera,Gas smell near the furnace. We turned it off and left the house. Need immediate help.
L0073,2026-04-16 03:54,SMS,Rowan Zimmer,Do you offer monthly maintenance plans for small office buildings?
L0074,2026-04-16 04:11,Website Form,Skyler Bennett,The lights flicker whenever the dryer starts. Can someone inspect it this week?
L0075,2026-04-16 04:28,Email,Hayden Iverson,Need a deep clean for a three-bedroom house before relatives arrive this weekend.
L0076,2026-04-16 04:45,Website Chat,Emerson Patel,Looking for recurring office cleaning every Friday evening. Please send pricing.
L0077,2026-04-16 05:02,Voicemail,Finley Wilson,We need a move-out clean next week for a townhouse. Can you quote it?
L0078,2026-04-16 05:19,Referral Form,Alex Miller,Existing customer follow-up: your technician came out last visit and the AC is making the same noise again.
L0079,2026-04-16 05:36,SMS,Sam Garcia,Existing customer here. The water heater you installed last month is showing an error code. Can someone follow up?
L0080,2026-04-16 05:53,Website Form,Maya Nguyen,Following up on invoice from last visit. I have a warranty question about the electrical panel work.
L0081,2026-04-16 06:10,Email,Noah Usman,Need post-construction clean after a small renovation. Flexible timing this month.
L0082,2026-04-16 06:27,Website Chat,Lena Harris,"I need a cleaner for carpets in two rooms. No rush, just looking for availability."
L0083,2026-04-16 06:44,Voicemail,Owen Ellis,Can someone inspect our sump pump? It runs constantly during storms and I want maintenance this week.
L0084,2026-04-16 07:01,Referral Form,Priya Lopez,SEO services for local contractors. We can put your business on page one.
L0085,2026-04-16 07:18,SMS,Mateo Stone,I have a business loan offer for your company. Reply now for approval.
L0086,2026-04-16 07:35,Website Form,Iris Brooks,Need help tomorrow. Bathroom sink is leaking under the cabinet.
L0087,2026-04-16 07:52,Email,Nora Carter,Looking for a quote on installing a new air conditioning system before summer.
L0088,2026-04-16 08:09,Website Chat,Eli Johnson,The furnace tune-up reminder said to schedule maintenance. Any openings next week?
L0089,2026-04-16 08:26,Voicemail,Zara Quinn,Outlet in the garage stopped working. Not urgent but would like a callback this week.
L0090,2026-04-16 08:43,Referral Form,Jonah Young,I smell burning plastic near the breaker panel and the lights went out. Need emergency electrical help now.
L0091,2026-04-16 09:00,SMS,Avery Adams,Can you install a dishwasher and check the kitchen plumbing connection this month?
L0092,2026-04-16 09:17,Website Form,Jordan Hayes,We need janitorial cleaning for a small medical office. Looking for a monthly service plan.
L0093,2026-04-16 09:34,Email,Taylor Owens,Need help
L0094,2026-04-16 09:51,Website Chat,Morgan Vega,Buy followers for your contractor page with a sponsored post package.
L0095,2026-04-16 10:08,Voicemail,Riley Khan,Existing customer follow-up. The cleaner missed the upstairs bathroom during the last visit.
L0096,2026-04-16 10:25,Referral Form,Casey Foster,Would like pricing for gutter cleaning. Do you handle that?
L0097,2026-04-16 10:42,SMS,Jamie Morgan,The thermostat is blank and the heat is not turning on. We need someone today.
L0098,2026-04-16 10:59,Website Form,Quinn Turner,Water heater is leaking around the base. Can someone come as soon as possible?
L0099,2026-04-16 11:16,Email,Cameron Chen,Can you quote a whole-home generator installation? Flexible on timing.
L0100,2026-04-16 11:33,Website Chat,Drew Diaz,Need cleaning after a tenant moved out. The property manager wants it completed tomorrow.
L0101,2026-04-16 11:50,Voicemail,Reese Kim,Our AC stopped working overnight and the house is already 83 degrees. We have an infant at home. Can someone come today?
L0102,2026-04-16 12:07,Referral Form,Parker Rivera,Water is leaking from the ceiling under the upstairs bathroom. Need emergency plumbing help as soon as possible.
L0103,2026-04-16 12:24,SMS,Rowan Zimmer,Several outlets in the kitchen are sparking when we plug things in. Please call back immediately.
L0104,2026-04-16 12:41,Website Form,Skyler Bennett,"Looking for a quote to replace our old furnace before next winter. No rush, just planning."
L0105,2026-04-16 12:58,Email,Hayden Iverson,Need annual HVAC maintenance for two units sometime next week if you have openings.
L0106,2026-04-16 13:15,Website Chat,Emerson Patel,My toilet is overflowing and I shut off the water but it is still a mess. Can you send a plumber now?
L0107,2026-04-16 13:32,Voicemail,Finley Wilson,Do you install EV chargers? I want pricing for a garage installation this month.
L0108,2026-04-16 13:49,Referral Form,Alex Miller,Hi
L0109,2026-04-16 14:06,SMS,Sam Garcia,We want to add a tankless water heater and would like an estimate.
L0110,2026-04-16 14:23,Website Form,Maya Nguyen,My breaker keeps tripping and half the house has no power. Need someone today if possible.
L0111,2026-04-16 14:40,Email,Noah Usman,Can you clean air ducts? We are comparing prices and probably scheduling later this summer.
L0112,2026-04-16 14:57,Website Chat,Lena Harris,Free crypto investment opportunity for contractors. Click this link for guaranteed returns.
L0113,2026-04-16 15:14,Voicemail,Owen Ellis,The drain in our restaurant kitchen is backing up during lunch service. Need urgent help today.
L0114,2026-04-16 15:31,Referral Form,Priya Lopez,Need a ceiling fan installed in the bedroom. Flexible timing.
L0115,2026-04-16 15:48,SMS,Mateo Stone,No heat in the house and my elderly mother lives with me. Please call as soon as possible.
L0116,2026-04-16 16:05,Website Form,Iris Brooks,I need service but not sure what kind. Something is making noise.
L0117,2026-04-16 16:22,Email,Nora Carter,How much for a basic plumbing inspection before buying a house? Closing is in two weeks.
L0118,2026-04-16 16:39,Website Chat,Eli Johnson,The AC is blowing warm air. We can do tomorrow afternoon if available.
L0119,2026-04-16 16:56,Voicemail,Zara Quinn,We need a full panel upgrade for a home renovation and want to book an estimate.
L0120,2026-04-16 17:13,Referral Form,Jonah Young,Please remove me from your list.
L0121,2026-04-16 17:30,SMS,Avery Adams,"Garbage disposal is jammed and the sink will not drain. Not an emergency, but would like help this week."
L0122,2026-04-16 17:47,Website Form,Jordan Hayes,Gas smell near the furnace. We turned it off and left the house. Need immediate help.
L0123,2026-04-16 18:04,Email,Taylor Owens,Do you offer monthly maintenance plans for small office buildings?
L0124,2026-04-16 18:21,Website Chat,Morgan Vega,The lights flicker whenever the dryer starts. Can someone inspect it this week?
L0125,2026-04-16 18:38,Voicemail,Riley Khan,Need a deep clean for a three-bedroom house before relatives arrive this weekend.
L0126,2026-04-16 18:55,Referral Form,Casey Foster,Looking for recurring office cleaning every Friday evening. Please send pricing.
L0127,2026-04-16 19:12,SMS,Jamie Morgan,We need a move-out clean next week for a townhouse. Can you quote it?
L0128,2026-04-16 19:29,Website Form,Quinn Turner,Existing customer follow-up: your technician came out last visit and the AC is making the same noise again.
L0129,2026-04-16 19:46,Email,Cameron Chen,Existing customer here. The water heater you installed last month is showing an error code. Can someone follow up?
L0130,2026-04-16 20:03,Website Chat,Drew Diaz,Following up on invoice from last visit. I have a warranty question about the electrical panel work.
L0131,2026-04-16 20:20,Voicemail,Reese Kim,Need post-construction clean after a small renovation. Flexible timing this month.
L0132,2026-04-16 20:37,Referral Form,Parker Rivera,"I need a cleaner for carpets in two rooms. No rush, just looking for availability."
L0133,2026-04-16 20:54,SMS,Rowan Zimmer,Can someone inspect our sump pump? It runs constantly during storms and I want maintenance this week.
L0134,2026-04-16 21:11,Website Form,Skyler Bennett,SEO services for local contractors. We can put your business on page one.
L0135,2026-04-16 21:28,Email,Hayden Iverson,I have a business loan offer for your company. Reply now for approval.
L0136,2026-04-16 21:45,Website Chat,Emerson Patel,Need help tomorrow. Bathroom sink is leaking under the cabinet.
L0137,2026-04-16 22:02,Voicemail,Finley Wilson,Looking for a quote on installing a new air conditioning system before summer.
L0138,2026-04-16 22:19,Referral Form,Alex Miller,The furnace tune-up reminder said to schedule maintenance. Any openings next week?
L0139,2026-04-16 22:36,SMS,Sam Garcia,Outlet in the garage stopped working. Not urgent but would like a callback this week.
L0140,2026-04-16 22:53,Website Form,Maya Nguyen,I smell burning plastic near the breaker panel and the lights went out. Need emergency electrical help now.
L0141,2026-04-16 23:10,Email,Noah Usman,Can you install a dishwasher and check the kitchen plumbing connection this month?
L0142,2026-04-16 23:27,Website Chat,Lena Harris,We need janitorial cleaning for a small medical office. Looking for a monthly service plan.
L0143,2026-04-16 23:44,Voicemail,Owen Ellis,Need help
L0144,2026-04-17 00:01,Referral Form,Priya Lopez,Buy followers for your contractor page with a sponsored post package.
L0145,2026-04-17 00:18,SMS,Mateo Stone,Existing customer follow-up. The cleaner missed the upstairs bathroom during the last visit.
L0146,2026-04-17 00:35,Website Form,Iris Brooks,Would like pricing for gutter cleaning. Do you handle that?
L0147,2026-04-17 00:52,Email,Nora Carter,The thermostat is blank and the heat is not turning on. We need someone today.
L0148,2026-04-17 01:09,Website Chat,Eli Johnson,Water heater is leaking around the base. Can someone come as soon as possible?
L0149,2026-04-17 01:26,Voicemail,Zara Quinn,Can you quote a whole-home generator installation? Flexible on timing.
L0150,2026-04-17 01:43,Referral Form,Jonah Young,Need cleaning after a tenant moved out. The property manager wants it completed tomorrow.
L0151,2026-04-17 02:00,SMS,Avery Adams,Our AC stopped working overnight and the house is already 88 degrees. We have two dogs at home. Can someone come today?
L0152,2026-04-17 02:17,Website Form,Jordan Hayes,Water is leaking from the ceiling under the upstairs bathroom. Need emergency plumbing help as soon as possible.
L0153,2026-04-17 02:34,Email,Taylor Owens,Several outlets in the kitchen are sparking when we plug things in. Please call back immediately.
L0154,2026-04-17 02:51,Website Chat,Morgan Vega,"Looking for a quote to replace our old furnace before next winter. No rush, just planning."
L0155,2026-04-17 03:08,Voicemail,Riley Khan,Need annual HVAC maintenance for two units sometime next week if you have openings.
L0156,2026-04-17 03:25,Referral Form,Casey Foster,My toilet is overflowing and I shut off the water but it is still a mess. Can you send a plumber now?
L0157,2026-04-17 03:42,SMS,Jamie Morgan,Do you install EV chargers? I want pricing for a garage installation this month.
L0158,2026-04-17 03:59,Website Form,Quinn Turner,Hi
L0159,2026-04-17 04:16,Email,Cameron Chen,We want to add a tankless water heater and would like an estimate.
L0160,2026-04-17 04:33,Website Chat,Drew Diaz,My breaker keeps tripping and half the house has no power. Need someone today if possible.
L0161,2026-04-17 04:50,Voicemail,Reese Kim,Can you clean air ducts? We are comparing prices and probably scheduling later this summer.
L0162,2026-04-17 05:07,Referral Form,Parker Rivera,Free crypto investment opportunity for contractors. Click this link for guaranteed returns.
L0163,2026-04-17 05:24,SMS,Rowan Zimmer,The drain in our restaurant kitchen is backing up during lunch service. Need urgent help today.
L0164,2026-04-17 05:41,Website Form,Skyler Bennett,Need a ceiling fan installed in the bedroom. Flexible timing.
L0165,2026-04-17 05:58,Email,Hayden Iverson,No heat in the house and my elderly mother lives with me. Please call as soon as possible.
L0166,2026-04-17 06:15,Website Chat,Emerson Patel,I need service but not sure what kind. Something is making noise.
L0167,2026-04-17 06:32,Voicemail,Finley Wilson,How much for a basic plumbing inspection before buying a house? Closing is in two weeks.
L0168,2026-04-17 06:49,Referral Form,Alex Miller,The AC is blowing warm air. We can do tomorrow afternoon if available.
L0169,2026-04-17 07:06,SMS,Sam Garcia,We need a full panel upgrade for a home renovation and want to book an estimate.
L0170,2026-04-17 07:23,Website Form,Maya Nguyen,Please remove me from your list.
L0171,2026-04-17 07:40,Email,Noah Usman,"Garbage disposal is jammed and the sink will not drain. Not an emergency, but would like help this week."
L0172,2026-04-17 07:57,Website Chat,Lena Harris,Gas smell near the furnace. We turned it off and left the house. Need immediate help.
L0173,2026-04-17 08:14,Voicemail,Owen Ellis,Do you offer monthly maintenance plans for small office buildings?
L0174,2026-04-17 08:31,Referral Form,Priya Lopez,The lights flicker whenever the dryer starts. Can someone inspect it this week?
L0175,2026-04-17 08:48,SMS,Mateo Stone,Need a deep clean for a three-bedroom house before relatives arrive this weekend.
L0176,2026-04-17 09:05,Website Form,Iris Brooks,Looking for recurring office cleaning every Friday evening. Please send pricing.
L0177,2026-04-17 09:22,Email,Nora Carter,We need a move-out clean next week for a townhouse. Can you quote it?
L0178,2026-04-17 09:39,Website Chat,Eli Johnson,Existing customer follow-up: your technician came out last visit and the AC is making the same noise again.
L0179,2026-04-17 09:56,Voicemail,Zara Quinn,Existing customer here. The water heater you installed last month is showing an error code. Can someone follow up?
L0180,2026-04-17 10:13,Referral Form,Jonah Young,Following up on invoice from last visit. I have a warranty question about the electrical panel work.
L0181,2026-04-17 10:30,SMS,Avery Adams,Need post-construction clean after a small renovation. Flexible timing this month.
L0182,2026-04-17 10:47,Website Form,Jordan Hayes,"I need a cleaner for carpets in two rooms. No rush, just looking for availability."
L0183,2026-04-17 11:04,Email,Taylor Owens,Can someone inspect our sump pump? It runs constantly during storms and I want maintenance this week.
L0184,2026-04-17 11:21,Website Chat,Morgan Vega,SEO services for local contractors. We can put your business on page one.
L0185,2026-04-17 11:38,Voicemail,Riley Khan,I have a business loan offer for your company. Reply now for approval.
L0186,2026-04-17 11:55,Referral Form,Casey Foster,Need help tomorrow. Bathroom sink is leaking under the cabinet.
L0187,2026-04-17 12:12,SMS,Jamie Morgan,Looking for a quote on installing a new air conditioning system before summer.
L0188,2026-04-17 12:29,Website Form,Quinn Turner,The furnace tune-up reminder said to schedule maintenance. Any openings next week?
L0189,2026-04-17 12:46,Email,Cameron Chen,Outlet in the garage stopped working. Not urgent but would like a callback this week.
L0190,2026-04-17 13:03,Website Chat,Drew Diaz,I smell burning plastic near the breaker panel and the lights went out. Need emergency electrical help now.
L0191,2026-04-17 13:20,Voicemail,Reese Kim,Can you install a dishwasher and check the kitchen plumbing connection this month?
L0192,2026-04-17 13:37,Referral Form,Parker Rivera,We need janitorial cleaning for a small medical office. Looking for a monthly service plan.
L0193,2026-04-17 13:54,SMS,Rowan Zimmer,Need help
L0194,2026-04-17 14:11,Website Form,Skyler Bennett,Buy followers for your contractor page with a sponsored post package.
L0195,2026-04-17 14:28,Email,Hayden Iverson,Existing customer follow-up. The cleaner missed the upstairs bathroom during the last visit.
L0196,2026-04-17 14:45,Website Chat,Emerson Patel,Would like pricing for gutter cleaning. Do you handle that?
L0197,2026-04-17 15:02,Voicemail,Finley Wilson,The thermostat is blank and the heat is not turning on. We need someone today.
L0198,2026-04-17 15:19,Referral Form,Alex Miller,Water heater is leaking around the base. Can someone come as soon as possible?
L0199,2026-04-17 15:36,SMS,Sam Garcia,Can you quote a whole-home generator installation? Flexible on timing.
L0200,2026-04-17 15:53,Website Form,Maya Nguyen,Need cleaning after a tenant moved out. The property manager wants it completed tomorrow.
L0201,2026-04-17 16:10,Email,Noah Usman,Our AC stopped working overnight and the house is already 84 degrees. We have an infant at home. Can someone come today?
L0202,2026-04-17 16:27,Website Chat,Lena Harris,Water is leaking from the ceiling under the upstairs bathroom. Need emergency plumbing help as soon as possible.
L0203,2026-04-17 16:44,Voicemail,Owen Ellis,Several outlets in the kitchen are sparking when we plug things in. Please call back immediately.
L0204,2026-04-17 17:01,Referral Form,Priya Lopez,"Looking for a quote to replace our old furnace before next winter. No rush, just planning."
L0205,2026-04-17 17:18,SMS,Mateo Stone,Need annual HVAC maintenance for two units sometime next week if you have openings.
L0206,2026-04-17 17:35,Website Form,Iris Brooks,My toilet is overflowing and I shut off the water but it is still a mess. Can you send a plumber now?
L0207,2026-04-17 17:52,Email,Nora Carter,Do you install EV chargers? I want pricing for a garage installation this month.
L0208,2026-04-17 18:09,Website Chat,Eli Johnson,Hi
L0209,2026-04-17 18:26,Voicemail,Zara Quinn,We want to add a tankless water heater and would like an estimate.
L0210,2026-04-17 18:43,Referral Form,Jonah Young,My breaker keeps tripping and half the house has no power. Need someone today if possible.
L0211,2026-04-17 19:00,SMS,Avery Adams,Can you clean air ducts? We are comparing prices and probably scheduling later this summer.
L0212,2026-04-17 19:17,Website Form,Jordan Hayes,Free crypto investment opportunity for contractors. Click this link for guaranteed returns.
L0213,2026-04-17 19:34,Email,Taylor Owens,The drain in our restaurant kitchen is backing up during lunch service. Need urgent help today.
L0214,2026-04-17 19:51,Website Chat,Morgan Vega,Need a ceiling fan installed in the bedroom. Flexible timing.
L0215,2026-04-17 20:08,Voicemail,Riley Khan,No heat in the house and my elderly mother lives with me. Please call as soon as possible.
L0216,2026-04-17 20:25,Referral Form,Casey Foster,I need service but not sure what kind. Something is making noise.
L0217,2026-04-17 20:42,SMS,Jamie Morgan,How much for a basic plumbing inspection before buying a house? Closing is in two weeks.
L0218,2026-04-17 20:59,Website Form,Quinn Turner,The AC is blowing warm air. We can do tomorrow afternoon if available.
L0219,2026-04-17 21:16,Email,Cameron Chen,We need a full panel upgrade for a home renovation and want to book an estimate.
L0220,2026-04-17 21:33,Website Chat,Drew Diaz,Please remove me from your list.
L0221,2026-04-17 21:50,Voicemail,Reese Kim,"Garbage disposal is jammed and the sink will not drain. Not an emergency, but would like help this week."
L0222,2026-04-17 22:07,Referral Form,Parker Rivera,Gas smell near the furnace. We turned it off and left the house. Need immediate help.
L0223,2026-04-17 22:24,SMS,Rowan Zimmer,Do you offer monthly maintenance plans for small office buildings?
L0224,2026-04-17 22:41,Website Form,Skyler Bennett,The lights flicker whenever the dryer starts. Can someone inspect it this week?
L0225,2026-04-17 22:58,Email,Hayden Iverson,Need a deep clean for a three-bedroom house before relatives arrive this weekend.
L0226,2026-04-17 23:15,Website Chat,Emerson Patel,Looking for recurring office cleaning every Friday evening. Please send pricing.
L0227,2026-04-17 23:32,Voicemail,Finley Wilson,We need a move-out clean next week for a townhouse. Can you quote it?
L0228,2026-04-17 23:49,Referral Form,Alex Miller,Existing customer follow-up: your technician came out last visit and the AC is making the same noise again.
L0229,2026-04-18 00:06,SMS,Sam Garcia,Existing customer here. The water heater you installed last month is showing an error code. Can someone follow up?
L0230,2026-04-18 00:23,Website Form,Maya Nguyen,Following up on invoice from last visit. I have a warranty question about the electrical panel work.
L0231,2026-04-18 00:40,Email,Noah Usman,Need post-construction clean after a small renovation. Flexible timing this month.
L0232,2026-04-18 00:57,Website Chat,Lena Harris,"I need a cleaner for carpets in two rooms. No rush, just looking for availability."
L0233,2026-04-18 01:14,Voicemail,Owen Ellis,Can someone inspect our sump pump? It runs constantly during storms and I want maintenance this week.
L0234,2026-04-18 01:31,Referral Form,Priya Lopez,SEO services for local contractors. We can put your business on page one.
L0235,2026-04-18 01:48,SMS,Mateo Stone,I have a business loan offer for your company. Reply now for approval.
L0236,2026-04-18 02:05,Website Form,Iris Brooks,Need help tomorrow. Bathroom sink is leaking under the cabinet.
L0237,2026-04-18 02:22,Email,Nora Carter,Looking for a quote on installing a new air conditioning system before summer.
L0238,2026-04-18 02:39,Website Chat,Eli Johnson,The furnace tune-up reminder said to schedule maintenance. Any openings next week?
L0239,2026-04-18 02:56,Voicemail,Zara Quinn,Outlet in the garage stopped working. Not urgent but would like a callback this week.
L0240,2026-04-18 03:13,Referral Form,Jonah Young,I smell burning plastic near the breaker panel and the lights went out. Need emergency electrical help now.
L0241,2026-04-18 03:30,SMS,Avery Adams,Can you install a dishwasher and check the kitchen plumbing connection this month?
L0242,2026-04-18 03:47,Website Form,Jordan Hayes,We need janitorial cleaning for a small medical office. Looking for a monthly service plan.
L0243,2026-04-18 04:04,Email,Taylor Owens,Need help
L0244,2026-04-18 04:21,Website Chat,Morgan Vega,Buy followers for your contractor page with a sponsored post package.
L0245,2026-04-18 04:38,Voicemail,Riley Khan,Existing customer follow-up. The cleaner missed the upstairs bathroom during the last visit.
L0246,2026-04-18 04:55,Referral Form,Casey Foster,Would like pricing for gutter cleaning. Do you handle that?
L0247,2026-04-18 05:12,SMS,Jamie Morgan,The thermostat is blank and the heat is not turning on. We need someone today.
L0248,2026-04-18 05:29,Website Form,Quinn Turner,Water heater is leaking around the base. Can someone come as soon as possible?
L0249,2026-04-18 05:46,Email,Cameron Chen,Can you quote a whole-home generator installation? Flexible on timing.
L0250,2026-04-18 06:03,Website Chat,Drew Diaz,Need cleaning after a tenant moved out. The property manager wants it completed tomorrow.
L0251,2026-04-18 06:20,Voicemail,Reese Kim,Our AC stopped working overnight and the house is already 89 degrees. We have two dogs at home. Can someone come today?
L0252,2026-04-18 06:37,Referral Form,Parker Rivera,Water is leaking from the ceiling under the upstairs bathroom. Need emergency plumbing help as soon as possible.
L0253,2026-04-18 06:54,SMS,Rowan Zimmer,Several outlets in the kitchen are sparking when we plug things in. Please call back immediately.
L0254,2026-04-18 07:11,Website Form,Skyler Bennett,"Looking for a quote to replace our old furnace before next winter. No rush, just planning."
L0255,2026-04-18 07:28,Email,Hayden Iverson,Need annual HVAC maintenance for two units sometime next week if you have openings.
L0256,2026-04-18 07:45,Website Chat,Emerson Patel,My toilet is overflowing and I shut off the water but it is still a mess. Can you send a plumber now?
L0257,2026-04-18 08:02,Voicemail,Finley Wilson,Do you install EV chargers? I want pricing for a garage installation this month.
L0258,2026-04-18 08:19,Referral Form,Alex Miller,Hi
L0259,2026-04-18 08:36,SMS,Sam Garcia,We want to add a tankless water heater and would like an estimate.
L0260,2026-04-18 08:53,Website Form,Maya Nguyen,My breaker keeps tripping and half the house has no power. Need someone today if possible.
L0261,2026-04-18 09:10,Email,Noah Usman,Can you clean air ducts? We are comparing prices and probably scheduling later this summer.
L0262,2026-04-18 09:27,Website Chat,Lena Harris,Free crypto investment opportunity for contractors. Click this link for guaranteed returns.
L0263,2026-04-18 09:44,Voicemail,Owen Ellis,The drain in our restaurant kitchen is backing up during lunch service. Need urgent help today.
L0264,2026-04-18 10:01,Referral Form,Priya Lopez,Need a ceiling fan installed in the bedroom. Flexible timing.
L0265,2026-04-18 10:18,SMS,Mateo Stone,No heat in the house and my elderly mother lives with me. Please call as soon as possible.
L0266,2026-04-18 10:35,Website Form,Iris Brooks,I need service but not sure what kind. Something is making noise.
L0267,2026-04-18 10:52,Email,Nora Carter,How much for a basic plumbing inspection before buying a house? Closing is in two weeks.
L0268,2026-04-18 11:09,Website Chat,Eli Johnson,The AC is blowing warm air. We can do tomorrow afternoon if available.
L0269,2026-04-18 11:26,Voicemail,Zara Quinn,We need a full panel upgrade for a home renovation and want to book an estimate.
L0270,2026-04-18 11:43,Referral Form,Jonah Young,Please remove me from your list.
L0271,2026-04-18 12:00,SMS,Avery Adams,"Garbage disposal is jammed and the sink will not drain. Not an emergency, but would like help this week."
L0272,2026-04-18 12:17,Website Form,Jordan Hayes,Gas smell near the furnace. We turned it off and left the house. Need immediate help.
L0273,2026-04-18 12:34,Email,Taylor Owens,Do you offer monthly maintenance plans for small office buildings?
L0274,2026-04-18 12:51,Website Chat,Morgan Vega,The lights flicker whenever the dryer starts. Can someone inspect it this week?
L0275,2026-04-18 13:08,Voicemail,Riley Khan,Need a deep clean for a three-bedroom house before relatives arrive this weekend.
L0276,2026-04-18 13:25,Referral Form,Casey Foster,Looking for recurring office cleaning every Friday evening. Please send pricing.
L0277,2026-04-18 13:42,SMS,Jamie Morgan,We need a move-out clean next week for a townhouse. Can you quote it?
L0278,2026-04-18 13:59,Website Form,Quinn Turner,Existing customer follow-up: your technician came out last visit and the AC is making the same noise again.
L0279,2026-04-18 14:16,Email,Cameron Chen,Existing customer here. The water heater you installed last month is showing an error code. Can someone follow up?
L0280,2026-04-18 14:33,Website Chat,Drew Diaz,Following up on invoice from last visit. I have a warranty question about the electrical panel work.
L0281,2026-04-18 14:50,Voicemail,Reese Kim,Need post-construction clean after a small renovation. Flexible timing this month.
L0282,2026-04-18 15:07,Referral Form,Parker Rivera,"I need a cleaner for carpets in two rooms. No rush, just looking for availability."
L0283,2026-04-18 15:24,SMS,Rowan Zimmer,Can someone inspect our sump pump? It runs constantly during storms and I want maintenance this week.
L0284,2026-04-18 15:41,Website Form,Skyler Bennett,SEO services for local contractors. We can put your business on page one.
L0285,2026-04-18 15:58,Email,Hayden Iverson,I have a business loan offer for your company. Reply now for approval.
L0286,2026-04-18 16:15,Website Chat,Emerson Patel,Need help tomorrow. Bathroom sink is leaking under the cabinet.
L0287,2026-04-18 16:32,Voicemail,Finley Wilson,Looking for a quote on installing a new air conditioning system before summer.
L0288,2026-04-18 16:49,Referral Form,Alex Miller,The furnace tune-up reminder said to schedule maintenance. Any openings next week?
L0289,2026-04-18 17:06,SMS,Sam Garcia,Outlet in the garage stopped working. Not urgent but would like a callback this week.
L0290,2026-04-18 17:23,Website Form,Maya Nguyen,I smell burning plastic near the breaker panel and the lights went out. Need emergency electrical help now.
L0291,2026-04-18 17:40,Email,Noah Usman,Can you install a dishwasher and check the kitchen plumbing connection this month?
L0292,2026-04-18 17:57,Website Chat,Lena Harris,We need janitorial cleaning for a small medical office. Looking for a monthly service plan.
L0293,2026-04-18 18:14,Voicemail,Owen Ellis,Need help
L0294,2026-04-18 18:31,Referral Form,Priya Lopez,Buy followers for your contractor page with a sponsored post package.
L0295,2026-04-18 18:48,SMS,Mateo Stone,Existing customer follow-up. The cleaner missed the upstairs bathroom during the last visit.
L0296,2026-04-18 19:05,Website Form,Iris Brooks,Would like pricing for gutter cleaning. Do you handle that?
L0297,2026-04-18 19:22,Email,Nora Carter,The thermostat is blank and the heat is not turning on. We need someone today.
L0298,2026-04-18 19:39,Website Chat,Eli Johnson,Water heater is leaking around the base. Can someone come as soon as possible?
L0299,2026-04-18 19:56,Voicemail,Zara Quinn,Can you quote a whole-home generator installation? Flexible on timing.
L0300,2026-04-18 20:13,Referral Form,Jonah Young,Need cleaning after a tenant moved out. The property manager wants it completed tomorrow.
L0301,2026-04-18 20:30,SMS,Avery Adams,Our AC stopped working overnight and the house is already 85 degrees. We have an infant at home. Can someone come today?
L0302,2026-04-18 20:47,Website Form,Jordan Hayes,Water is leaking from the ceiling under the upstairs bathroom. Need emergency plumbing help as soon as possible.
L0303,2026-04-18 21:04,Email,Taylor Owens,Several outlets in the kitchen are sparking when we plug things in. Please call back immediately.
L0304,2026-04-18 21:21,Website Chat,Morgan Vega,"Looking for a quote to replace our old furnace before next winter. No rush, just planning."
L0305,2026-04-18 21:38,Voicemail,Riley Khan,Need annual HVAC maintenance for two units sometime next week if you have openings.
L0306,2026-04-18 21:55,Referral Form,Casey Foster,My toilet is overflowing and I shut off the water but it is still a mess. Can you send a plumber now?
L0307,2026-04-18 22:12,SMS,Jamie Morgan,Do you install EV chargers? I want pricing for a garage installation this month.
L0308,2026-04-18 22:29,Website Form,Quinn Turner,Hi
L0309,2026-04-18 22:46,Email,Cameron Chen,We want to add a tankless water heater and would like an estimate.
L0310,2026-04-18 23:03,Website Chat,Drew Diaz,My breaker keeps tripping and half the house has no power. Need someone today if possible.
L0311,2026-04-18 23:20,Voicemail,Reese Kim,Can you clean air ducts? We are comparing prices and probably scheduling later this summer.
L0312,2026-04-18 23:37,Referral Form,Parker Rivera,Free crypto investment opportunity for contractors. Click this link for guaranteed returns.
L0313,2026-04-18 23:54,SMS,Rowan Zimmer,The drain in our restaurant kitchen is backing up during lunch service. Need urgent help today.
L0314,2026-04-19 00:11,Website Form,Skyler Bennett,Need a ceiling fan installed in the bedroom. Flexible timing.
L0315,2026-04-19 00:28,Email,Hayden Iverson,No heat in the house and my elderly mother lives with me. Please call as soon as possible.
L0316,2026-04-19 00:45,Website Chat,Emerson Patel,I need service but not sure what kind. Something is making noise.
L0317,2026-04-19 01:02,Voicemail,Finley Wilson,How much for a basic plumbing inspection before buying a house? Closing is in two weeks.
L0318,2026-04-19 01:19,Referral Form,Alex Miller,The AC is blowing warm air. We can do tomorrow afternoon if available.
L0319,2026-04-19 01:36,SMS,Sam Garcia,We need a full panel upgrade for a home renovation and want to book an estimate.
L0320,2026-04-19 01:53,Website Form,Maya Nguyen,Please remove me from your list.
L0321,2026-04-19 02:10,Email,Noah Usman,"Garbage disposal is jammed and the sink will not drain. Not an emergency, but would like help this week."
L0322,2026-04-19 02:27,Website Chat,Lena Harris,Gas smell near the furnace. We turned it off and left the house. Need immediate help.
L0323,2026-04-19 02:44,Voicemail,Owen Ellis,Do you offer monthly maintenance plans for small office buildings?
L0324,2026-04-19 03:01,Referral Form,Priya Lopez,The lights flicker whenever the dryer starts. Can someone inspect it this week?
L0325,2026-04-19 03:18,SMS,Mateo Stone,Need a deep clean for a three-bedroom house before relatives arrive this weekend.
L0326,2026-04-19 03:35,Website Form,Iris Brooks,Looking for recurring office cleaning every Friday evening. Please send pricing.
L0327,2026-04-19 03:52,Email,Nora Carter,We need a move-out clean next week for a townhouse. Can you quote it?
L0328,2026-04-19 04:09,Website Chat,Eli Johnson,Existing customer follow-up: your technician came out last visit and the AC is making the same noise again.
L0329,2026-04-19 04:26,Voicemail,Zara Quinn,Existing customer here. The water heater you installed last month is showing an error code. Can someone follow up?
L0330,2026-04-19 04:43,Referral Form,Jonah Young,Following up on invoice from last visit. I have a warranty question about the electrical panel work.
L0331,2026-04-19 05:00,SMS,Avery Adams,Need post-construction clean after a small renovation. Flexible timing this month.
L0332,2026-04-19 05:17,Website Form,Jordan Hayes,"I need a cleaner for carpets in two rooms. No rush, just looking for availability."
L0333,2026-04-19 05:34,Email,Taylor Owens,Can someone inspect our sump pump? It runs constantly during storms and I want maintenance this week.
L0334,2026-04-19 05:51,Website Chat,Morgan Vega,SEO services for local contractors. We can put your business on page one.
L0335,2026-04-19 06:08,Voicemail,Riley Khan,I have a business loan offer for your company. Reply now for approval.
L0336,2026-04-19 06:25,Referral Form,Casey Foster,Need help tomorrow. Bathroom sink is leaking under the cabinet.
L0337,2026-04-19 06:42,SMS,Jamie Morgan,Looking for a quote on installing a new air conditioning system before summer.
L0338,2026-04-19 06:59,Website Form,Quinn Turner,The furnace tune-up reminder said to schedule maintenance. Any openings next week?
L0339,2026-04-19 07:16,Email,Cameron Chen,Outlet in the garage stopped working. Not urgent but would like a callback this week.
L0340,2026-04-19 07:33,Website Chat,Drew Diaz,I smell burning plastic near the breaker panel and the lights went out. Need emergency electrical help now.
L0341,2026-04-19 07:50,Voicemail,Reese Kim,Can you install a dishwasher and check the kitchen plumbing connection this month?
L0342,2026-04-19 08:07,Referral Form,Parker Rivera,We need janitorial cleaning for a small medical office. Looking for a monthly service plan.
L0343,2026-04-19 08:24,SMS,Rowan Zimmer,Need help
L0344,2026-04-19 08:41,Website Form,Skyler Bennett,Buy followers for your contractor page with a sponsored post package.
L0345,2026-04-19 08:58,Email,Hayden Iverson,Existing customer follow-up. The cleaner missed the upstairs bathroom during the last visit.
L0346,2026-04-19 09:15,Website Chat,Emerson Patel,Would like pricing for gutter cleaning. Do you handle that?
L0347,2026-04-19 09:32,Voicemail,Finley Wilson,The thermostat is blank and the heat is not turning on. We need someone today.
L0348,2026-04-19 09:49,Referral Form,Alex Miller,Water heater is leaking around the base. Can someone come as soon as possible?
L0349,2026-04-19 10:06,SMS,Sam Garcia,Can you quote a whole-home generator installation? Flexible on timing.
L0350,2026-04-19 10:23,Website Form,Maya Nguyen,Need cleaning after a tenant moved out. The property manager wants it completed tomorrow.
L0351,2026-04-19 10:40,Email,Noah Usman,Our AC stopped working overnight and the house is already 90 degrees. We have two dogs at home. Can someone come today?
L0352,2026-04-19 10:57,Website Chat,Lena Harris,Water is leaking from the ceiling under the upstairs bathroom. Need emergency plumbing help as soon as possible.
L0353,2026-04-19 11:14,Voicemail,Owen Ellis,Several outlets in the kitchen are sparking when we plug things in. Please call back immediately.
L0354,2026-04-19 11:31,Referral Form,Priya Lopez,"Looking for a quote to replace our old furnace before next winter. No rush, just planning."
L0355,2026-04-19 11:48,SMS,Mateo Stone,Need annual HVAC maintenance for two units sometime next week if you have openings.
L0356,2026-04-19 12:05,Website Form,Iris Brooks,My toilet is overflowing and I shut off the water but it is still a mess. Can you send a plumber now?
L0357,2026-04-19 12:22,Email,Nora Carter,Do you install EV chargers? I want pricing for a garage installation this month.
L0358,2026-04-19 12:39,Website Chat,Eli Johnson,Hi
L0359,2026-04-19 12:56,Voicemail,Zara Quinn,We want to add a tankless water heater and would like an estimate.
L0360,2026-04-19 13:13,Referral Form,Jonah Young,My breaker keeps tripping and half the house has no power. Need someone today if possible.
L0361,2026-04-19 13:30,SMS,Avery Adams,Can you clean air ducts? We are comparing prices and probably scheduling later this summer.
L0362,2026-04-19 13:47,Website Form,Jordan Hayes,Free crypto investment opportunity for contractors. Click this link for guaranteed returns.
L0363,2026-04-19 14:04,Email,Taylor Owens,The drain in our restaurant kitchen is backing up during lunch service. Need urgent help today.
L0364,2026-04-19 14:21,Website Chat,Morgan Vega,Need a ceiling fan installed in the bedroom. Flexible timing.
L0365,2026-04-19 14:38,Voicemail,Riley Khan,No heat in the house and my elderly mother lives with me. Please call as soon as possible.
L0366,2026-04-19 14:55,Referral Form,Casey Foster,I need service but not sure what kind. Something is making noise.
L0367,2026-04-19 15:12,SMS,Jamie Morgan,How much for a basic plumbing inspection before buying a house? Closing is in two weeks.
L0368,2026-04-19 15:29,Website Form,Quinn Turner,The AC is blowing warm air. We can do tomorrow afternoon if available.
L0369,2026-04-19 15:46,Email,Cameron Chen,We need a full panel upgrade for a home renovation and want to book an estimate.
L0370,2026-04-19 16:03,Website Chat,Drew Diaz,Please remove me from your list.
L0371,2026-04-19 16:20,Voicemail,Reese Kim,"Garbage disposal is jammed and the sink will not drain. Not an emergency, but would like help this week."
L0372,2026-04-19 16:37,Referral Form,Parker Rivera,Gas smell near the furnace. We turned it off and left the house. Need immediate help.
L0373,2026-04-19 16:54,SMS,Rowan Zimmer,Do you offer monthly maintenance plans for small office buildings?
L0374,2026-04-19 17:11,Website Form,Skyler Bennett,The lights flicker whenever the dryer starts. Can someone inspect it this week?
L0375,2026-04-19 17:28,Email,Hayden Iverson,Need a deep clean for a three-bedroom house before relatives arrive this weekend.
L0376,2026-04-19 17:45,Website Chat,Emerson Patel,Looking for recurring office cleaning every Friday evening. Please send pricing.
L0377,2026-04-19 18:02,Voicemail,Finley Wilson,We need a move-out clean next week for a townhouse. Can you quote it?
L0378,2026-04-19 18:19,Referral Form,Alex Miller,Existing customer follow-up: your technician came out last visit and the AC is making the same noise again.
L0379,2026-04-19 18:36,SMS,Sam Garcia,Existing customer here. The water heater you installed last month is showing an error code. Can someone follow up?
L0380,2026-04-19 18:53,Website Form,Maya Nguyen,Following up on invoice from last visit. I have a warranty question about the electrical panel work.
L0381,2026-04-19 19:10,Email,Noah Usman,Need post-construction clean after a small renovation. Flexible timing this month.
L0382,2026-04-19 19:27,Website Chat,Lena Harris,"I need a cleaner for carpets in two rooms. No rush, just looking for availability."
L0383,2026-04-19 19:44,Voicemail,Owen Ellis,Can someone inspect our sump pump? It runs constantly during storms and I want maintenance this week.
L0384,2026-04-19 20:01,Referral Form,Priya Lopez,SEO services for local contractors. We can put your business on page one.
L0385,2026-04-19 20:18,SMS,Mateo Stone,I have a business loan offer for your company. Reply now for approval.
L0386,2026-04-19 20:35,Website Form,Iris Brooks,Need help tomorrow. Bathroom sink is leaking under the cabinet.
L0387,2026-04-19 20:52,Email,Nora Carter,Looking for a quote on installing a new air conditioning system before summer.
L0388,2026-04-19 21:09,Website Chat,Eli Johnson,The furnace tune-up reminder said to schedule maintenance. Any openings next week?
L0389,2026-04-19 21:26,Voicemail,Zara Quinn,Outlet in the garage stopped working. Not urgent but would like a callback this week.
L0390,2026-04-19 21:43,Referral Form,Jonah Young,I smell burning plastic near the breaker panel and the lights went out. Need emergency electrical help now.
L0391,2026-04-19 22:00,SMS,Avery Adams,Can you install a dishwasher and check the kitchen plumbing connection this month?
L0392,2026-04-19 22:17,Website Form,Jordan Hayes,We need janitorial cleaning for a small medical office. Looking for a monthly service plan.
L0393,2026-04-19 22:34,Email,Taylor Owens,Need help
L0394,2026-04-19 22:51,Website Chat,Morgan Vega,Buy followers for your contractor page with a sponsored post package.
L0395,2026-04-19 23:08,Voicemail,Riley Khan,Existing customer follow-up. The cleaner missed the upstairs bathroom during the last visit.
L0396,2026-04-19 23:25,Referral Form,Casey Foster,Would like pricing for gutter cleaning. Do you handle that?
L0397,2026-04-19 23:42,SMS,Jamie Morgan,The thermostat is blank and the heat is not turning on. We need someone today.
L0398,2026-04-19 23:59,Website Form,Quinn Turner,Water heater is leaking around the base. Can someone come as soon as possible?
L0399,2026-04-20 00:16,Email,Cameron Chen,Can you quote a whole-home generator installation? Flexible on timing.
L0400,2026-04-20 00:33,Website Chat,Drew Diaz,Need cleaning after a tenant moved out. The property manager wants it completed tomorrow.
L0401,2026-04-20 00:50,Voicemail,Reese Kim,Our AC stopped working overnight and the house is already 86 degrees. We have an infant at home. Can someone come today?
L0402,2026-04-20 01:07,Referral Form,Parker Rivera,Water is leaking from the ceiling under the upstairs bathroom. Need emergency plumbing help as soon as possible.
L0403,2026-04-20 01:24,SMS,Rowan Zimmer,Several outlets in the kitchen are sparking when we plug things in. Please call back immediately.
L0404,2026-04-20 01:41,Website Form,Skyler Bennett,"Looking for a quote to replace our old furnace before next winter. No rush, just planning."
L0405,2026-04-20 01:58,Email,Hayden Iverson,Need annual HVAC maintenance for two units sometime next week if you have openings.
L0406,2026-04-20 02:15,Website Chat,Emerson Patel,My toilet is overflowing and I shut off the water but it is still a mess. Can you send a plumber now?
L0407,2026-04-20 02:32,Voicemail,Finley Wilson,Do you install EV chargers? I want pricing for a garage installation this month.
L0408,2026-04-20 02:49,Referral Form,Alex Miller,Hi
L0409,2026-04-20 03:06,SMS,Sam Garcia,We want to add a tankless water heater and would like an estimate.
L0410,2026-04-20 03:23,Website Form,Maya Nguyen,My breaker keeps tripping and half the house has no power. Need someone today if possible.
L0411,2026-04-20 03:40,Email,Noah Usman,Can you clean air ducts? We are comparing prices and probably scheduling later this summer.
L0412,2026-04-20 03:57,Website Chat,Lena Harris,Free crypto investment opportunity for contractors. Click this link for guaranteed returns.
L0413,2026-04-20 04:14,Voicemail,Owen Ellis,The drain in our restaurant kitchen is backing up during lunch service. Need urgent help today.
L0414,2026-04-20 04:31,Referral Form,Priya Lopez,Need a ceiling fan installed in the bedroom. Flexible timing.
L0415,2026-04-20 04:48,SMS,Mateo Stone,No heat in the house and my elderly mother lives with me. Please call as soon as possible.
L0416,2026-04-20 05:05,Website Form,Iris Brooks,I need service but not sure what kind. Something is making noise.
L0417,2026-04-20 05:22,Email,Nora Carter,How much for a basic plumbing inspection before buying a house? Closing is in two weeks.
L0418,2026-04-20 05:39,Website Chat,Eli Johnson,The AC is blowing warm air. We can do tomorrow afternoon if available.
L0419,2026-04-20 05:56,Voicemail,Zara Quinn,We need a full panel upgrade for a home renovation and want to book an estimate.
L0420,2026-04-20 06:13,Referral Form,Jonah Young,Please remove me from your list.
L0421,2026-04-20 06:30,SMS,Avery Adams,"Garbage disposal is jammed and the sink will not drain. Not an emergency, but would like help this week."
L0422,2026-04-20 06:47,Website Form,Jordan Hayes,Gas smell near the furnace. We turned it off and left the house. Need immediate help.
L0423,2026-04-20 07:04,Email,Taylor Owens,Do you offer monthly maintenance plans for small office buildings?
L0424,2026-04-20 07:21,Website Chat,Morgan Vega,The lights flicker whenever the dryer starts. Can someone inspect it this week?
L0425,2026-04-20 07:38,Voicemail,Riley Khan,Need a deep clean for a three-bedroom house before relatives arrive this weekend.
L0426,2026-04-20 07:55,Referral Form,Casey Foster,Looking for recurring office cleaning every Friday evening. Please send pricing.
L0427,2026-04-20 08:12,SMS,Jamie Morgan,We need a move-out clean next week for a townhouse. Can you quote it?
L0428,2026-04-20 08:29,Website Form,Quinn Turner,Existing customer follow-up: your technician came out last visit and the AC is making the same noise again.
L0429,2026-04-20 08:46,Email,Cameron Chen,Existing customer here. The water heater you installed last month is showing an error code. Can someone follow up?
L0430,2026-04-20 09:03,Website Chat,Drew Diaz,Following up on invoice from last visit. I have a warranty question about the electrical panel work.
L0431,2026-04-20 09:20,Voicemail,Reese Kim,Need post-construction clean after a small renovation. Flexible timing this month.
L0432,2026-04-20 09:37,Referral Form,Parker Rivera,"I need a cleaner for carpets in two rooms. No rush, just looking for availability."
L0433,2026-04-20 09:54,SMS,Rowan Zimmer,Can someone inspect our sump pump? It runs constantly during storms and I want maintenance this week.
L0434,2026-04-20 10:11,Website Form,Skyler Bennett,SEO services for local contractors. We can put your business on page one.
L0435,2026-04-20 10:28,Email,Hayden Iverson,I have a business loan offer for your company. Reply now for approval.
L0436,2026-04-20 10:45,Website Chat,Emerson Patel,Need help tomorrow. Bathroom sink is leaking under the cabinet.
L0437,2026-04-20 11:02,Voicemail,Finley Wilson,Looking for a quote on installing a new air conditioning system before summer.
L0438,2026-04-20 11:19,Referral Form,Alex Miller,The furnace tune-up reminder said to schedule maintenance. Any openings next week?
L0439,2026-04-20 11:36,SMS,Sam Garcia,Outlet in the garage stopped working. Not urgent but would like a callback this week.
L0440,2026-04-20 11:53,Website Form,Maya Nguyen,I smell burning plastic near the breaker panel and the lights went out. Need emergency electrical help now.
L0441,2026-04-20 12:10,Email,Noah Usman,Can you install a dishwasher and check the kitchen plumbing connection this month?
L0442,2026-04-20 12:27,Website Chat,Lena Harris,We need janitorial cleaning for a small medical office. Looking for a monthly service plan.
L0443,2026-04-20 12:44,Voicemail,Owen Ellis,Need help
L0444,2026-04-20 13:01,Referral Form,Priya Lopez,Buy followers for your contractor page with a sponsored post package.
L0445,2026-04-20 13:18,SMS,Mateo Stone,Existing customer follow-up. The cleaner missed the upstairs bathroom during the last visit.
L0446,2026-04-20 13:35,Website Form,Iris Brooks,Would like pricing for gutter cleaning. Do you handle that?
L0447,2026-04-20 13:52,Email,Nora Carter,The thermostat is blank and the heat is not turning on. We need someone today.
L0448,2026-04-20 14:09,Website Chat,Eli Johnson,Water heater is leaking around the base. Can someone come as soon as possible?
L0449,2026-04-20 14:26,Voicemail,Zara Quinn,Can you quote a whole-home generator installation? Flexible on timing.
L0450,2026-04-20 14:43,Referral Form,Jonah Young,Need cleaning after a tenant moved out. The property manager wants it completed tomorrow.
L0451,2026-04-20 15:00,SMS,Avery Adams,Our AC stopped working overnight and the house is already 82 degrees. We have two dogs at home. Can someone come today?
L0452,2026-04-20 15:17,Website Form,Jordan Hayes,Water is leaking from the ceiling under the upstairs bathroom. Need emergency plumbing help as soon as possible.
L0453,2026-04-20 15:34,Email,Taylor Owens,Several outlets in the kitchen are sparking when we plug things in. Please call back immediately.
L0454,2026-04-20 15:51,Website Chat,Morgan Vega,"Looking for a quote to replace our old furnace before next winter. No rush, just planning."
L0455,2026-04-20 16:08,Voicemail,Riley Khan,Need annual HVAC maintenance for two units sometime next week if you have openings.
L0456,2026-04-20 16:25,Referral Form,Casey Foster,My toilet is overflowing and I shut off the water but it is still a mess. Can you send a plumber now?
L0457,2026-04-20 16:42,SMS,Jamie Morgan,Do you install EV chargers? I want pricing for a garage installation this month.
L0458,2026-04-20 16:59,Website Form,Quinn Turner,Hi
L0459,2026-04-20 17:16,Email,Cameron Chen,We want to add a tankless water heater and would like an estimate.
L0460,2026-04-20 17:33,Website Chat,Drew Diaz,My breaker keeps tripping and half the house has no power. Need someone today if possible.
L0461,2026-04-20 17:50,Voicemail,Reese Kim,Can you clean air ducts? We are comparing prices and probably scheduling later this summer.
L0462,2026-04-20 18:07,Referral Form,Parker Rivera,Free crypto investment opportunity for contractors. Click this link for guaranteed returns.
L0463,2026-04-20 18:24,SMS,Rowan Zimmer,The drain in our restaurant kitchen is backing up during lunch service. Need urgent help today.
L0464,2026-04-20 18:41,Website Form,Skyler Bennett,Need a ceiling fan installed in the bedroom. Flexible timing.
L0465,2026-04-20 18:58,Email,Hayden Iverson,No heat in the house and my elderly mother lives with me. Please call as soon as possible.
L0466,2026-04-20 19:15,Website Chat,Emerson Patel,I need service but not sure what kind. Something is making noise.
L0467,2026-04-20 19:32,Voicemail,Finley Wilson,How much for a basic plumbing inspection before buying a house? Closing is in two weeks.
L0468,2026-04-20 19:49,Referral Form,Alex Miller,The AC is blowing warm air. We can do tomorrow afternoon if available.
L0469,2026-04-20 20:06,SMS,Sam Garcia,We need a full panel upgrade for a home renovation and want to book an estimate.
L0470,2026-04-20 20:23,Website Form,Maya Nguyen,Please remove me from your list.
L0471,2026-04-20 20:40,Email,Noah Usman,"Garbage disposal is jammed and the sink will not drain. Not an emergency, but would like help this week."
L0472,2026-04-20 20:57,Website Chat,Lena Harris,Gas smell near the furnace. We turned it off and left the house. Need immediate help.
L0473,2026-04-20 21:14,Voicemail,Owen Ellis,Do you offer monthly maintenance plans for small office buildings?
L0474,2026-04-20 21:31,Referral Form,Priya Lopez,The lights flicker whenever the dryer starts. Can someone inspect it this week?
L0475,2026-04-20 21:48,SMS,Mateo Stone,Need a deep clean for a three-bedroom house before relatives arrive this weekend.
L0476,2026-04-20 22:05,Website Form,Iris Brooks,Looking for recurring office cleaning every Friday evening. Please send pricing.
L0477,2026-04-20 22:22,Email,Nora Carter,We need a move-out clean next week for a townhouse. Can you quote it?
L0478,2026-04-20 22:39,Website Chat,Eli Johnson,Existing customer follow-up: your technician came out last visit and the AC is making the same noise again.
L0479,2026-04-20 22:56,Voicemail,Zara Quinn,Existing customer here. The water heater you installed last month is showing an error code. Can someone follow up?
L0480,2026-04-20 23:13,Referral Form,Jonah Young,Following up on invoice from last visit. I have a warranty question about the electrical panel work.
L0481,2026-04-20 23:30,SMS,Avery Adams,Need post-construction clean after a small renovation. Flexible timing this month.
L0482,2026-04-20 23:47,Website Form,Jordan Hayes,"I need a cleaner for carpets in two rooms. No rush, just looking for availability."
L0483,2026-04-21 00:04,Email,Taylor Owens,Can someone inspect our sump pump? It runs constantly during storms and I want maintenance this week.
L0484,2026-04-21 00:21,Website Chat,Morgan Vega,SEO services for local contractors. We can put your business on page one.
L0485,2026-04-21 00:38,Voicemail,Riley Khan,I have a business loan offer for your company. Reply now for approval.
L0486,2026-04-21 00:55,Referral Form,Casey Foster,Need help tomorrow. Bathroom sink is leaking under the cabinet.
L0487,2026-04-21 01:12,SMS,Jamie Morgan,Looking for a quote on installing a new air conditioning system before summer.
L0488,2026-04-21 01:29,Website Form,Quinn Turner,The furnace tune-up reminder said to schedule maintenance. Any openings next week?
L0489,2026-04-21 01:46,Email,Cameron Chen,Outlet in the garage stopped working. Not urgent but would like a callback this week.
L0490,2026-04-21 02:03,Website Chat,Drew Diaz,I smell burning plastic near the breaker panel and the lights went out. Need emergency electrical help now.
L0491,2026-04-21 02:20,Voicemail,Reese Kim,Can you install a dishwasher and check the kitchen plumbing connection this month?
L0492,2026-04-21 02:37,Referral Form,Parker Rivera,We need janitorial cleaning for a small medical office. Looking for a monthly service plan.
L0493,2026-04-21 02:54,SMS,Rowan Zimmer,Need help
L0494,2026-04-21 03:11,Website Form,Skyler Bennett,Buy followers for your contractor page with a sponsored post package.
L0495,2026-04-21 03:28,Email,Hayden Iverson,Existing customer follow-up. The cleaner missed the upstairs bathroom during the last visit.
L0496,2026-04-21 03:45,Website Chat,Emerson Patel,Would like pricing for gutter cleaning. Do you handle that?
L0497,2026-04-21 04:02,Voicemail,Finley Wilson,The thermostat is blank and the heat is not turning on. We need someone today.
L0498,2026-04-21 04:19,Referral Form,Alex Miller,Water heater is leaking around the base. Can someone come as soon as possible?
L0499,2026-04-21 04:36,SMS,Sam Garcia,Can you quote a whole-home generator installation? Flexible on timing.
L0500,2026-04-21 04:53,Website Form,Maya Nguyen,Need cleaning after a tenant moved out. The property manager wants it completed tomorrow.
